{
  "metadata": {
    "total_tests": 10,
    "computation_time": "2026-04-14 09:41:41",
    "model": "tube_mpc"
  },
  "empirical_risk": {
    "mean": 0.16073147800831822,
    "std": 0.05789085540297548,
    "min": 0.033362218370883885,
    "max": 0.2721417069243156,
    "aggregated_risk": 0.12549497410904661,
    "total_violations": 824,
    "total_steps": 6566
  },
  "feasibility": {
    "mean": 1.0,
    "std": 0.0,
    "min": 1.0,
    "max": 1.0,
    "aggregated_rate": 1.0,
    "total_feasible": 657,
    "total_solves": 657
  },
  "computation": {
    "median_of_medians": 17.0,
    "mean_median": 17.0,
    "std_median": 1.0954451150103328,
    "min_median": 15.000000000000002,
    "max_median": 18.000000000000004,
    "mean_of_means": 16.85296451250168,
    "total_failures": 0
  },
  "tracking": {
    "mean_error_mean": 0.5571451057695447,
    "mean_error_std": 0.45344925188690227,
    "max_error_mean": 82.66955964970124,
    "occupancy_mean": 0.8392685219916819,
    "occupancy_std": 0.05789085540297547
  },
  "calibration": {
    "mean_error": 0.15573147800831819,
    "std_error": 0.05788718084211967,
    "min_error": 0.033362218370883885,
    "max_error": 0.2721417069243156,
    "well_calibrated_count": 0,
    "total_tests": 10
  }
}