{
  "metadata": {
    "total_tests": 10,
    "computation_time": "2026-04-13 19:08:54",
    "model": "stl"
  },
  "satisfaction_probability": {
    "mean": 1.0,
    "std": 0.0,
    "min": 1.0,
    "max": 1.0,
    "median": 1.0
  },
  "empirical_risk": {
    "mean": 0.19714676892682656,
    "std": 0.10222034320474707,
    "min": 0.11067193675889328,
    "max": 0.48635477582846004,
    "aggregated_risk": 0.22420634920634921,
    "total_violations": 1243,
    "total_steps": 5544
  },
  "feasibility": {
    "mean": 1.0,
    "std": 0.0,
    "min": 1.0,
    "max": 1.0,
    "aggregated_rate": 1.0,
    "total_feasible": 555,
    "total_solves": 555
  },
  "computation": {
    "median_of_medians": 14.0,
    "mean_median": 14.4,
    "std_median": 0.8,
    "min_median": 13.000000000000002,
    "max_median": 16.0,
    "mean_of_means": 14.385383479757683,
    "total_failures": 0
  },
  "tracking": {
    "mean_error_mean": 0.4940345438903468,
    "mean_error_std": 0.2629239866232122,
    "max_error_mean": 15.14339977600927,
    "occupancy_mean": 0.8028532310731734,
    "occupancy_std": 0.10222034320474707
  },
  "calibration": {
    "mean_error": 0.19214676892682656,
    "std_error": 0.10741855932089023,
    "min_error": 0.06067193675889328,
    "max_error": 0.48635477582846004,
    "well_calibrated_count": 0,
    "total_tests": 10
  }
}