{
  "metadata": {
    "total_tests": 10,
    "computation_time": "2026-04-13 18:54:24",
    "model": "tube_mpc"
  },
  "empirical_risk": {
    "mean": 0.20506384569996125,
    "std": 0.07897968132796544,
    "min": 0.111328125,
    "max": 0.4032258064516129,
    "aggregated_risk": 0.22980935875216638,
    "total_violations": 1326,
    "total_steps": 5770
  },
  "feasibility": {
    "mean": 1.0,
    "std": 0.0,
    "min": 1.0,
    "max": 1.0,
    "aggregated_rate": 1.0,
    "total_feasible": 578,
    "total_solves": 578
  },
  "computation": {
    "median_of_medians": 14.5,
    "mean_median": 15.5,
    "std_median": 1.9621416870348585,
    "min_median": 13.000000000000002,
    "max_median": 19.0,
    "mean_of_means": 15.30044327937006,
    "total_failures": 0
  },
  "tracking": {
    "mean_error_mean": 0.5085827607122686,
    "mean_error_std": 0.1636570649217587,
    "max_error_mean": 6.675342690791659,
    "occupancy_mean": 0.7949361543000387,
    "occupancy_std": 0.07897968132796544
  },
  "calibration": {
    "mean_error": 0.20006384569996122,
    "std_error": 0.08066139138946973,
    "min_error": 0.111328125,
    "max_error": 0.4032258064516129,
    "well_calibrated_count": 0,
    "total_tests": 10
  }
}