{
  "metadata": {
    "total_tests": 10,
    "computation_time": "2026-04-14 16:14:40",
    "model": "stl"
  },
  "satisfaction_probability": {
    "mean": 1.0,
    "std": 0.0,
    "min": 1.0,
    "max": 1.0,
    "median": 1.0
  },
  "empirical_risk": {
    "mean": 0.17137983502368545,
    "std": 0.04084121315373625,
    "min": 0.11154598825831702,
    "max": 0.2585616438356164,
    "aggregated_risk": 0.172317510969286,
    "total_violations": 864,
    "total_steps": 5014
  },
  "feasibility": {
    "mean": 1.0,
    "std": 0.0,
    "min": 1.0,
    "max": 1.0,
    "aggregated_rate": 1.0,
    "total_feasible": 503,
    "total_solves": 503
  },
  "computation": {
    "median_of_medians": 21.5,
    "mean_median": 21.7,
    "std_median": 1.791647286716892,
    "min_median": 19.0,
    "max_median": 25.0,
    "mean_of_means": 21.5535237185002,
    "total_failures": 0
  },
  "tracking": {
    "mean_error_mean": 0.45144911619233047,
    "mean_error_std": 0.12798482343716233,
    "max_error_mean": 9.946285131772743,
    "occupancy_mean": 0.8286201649763146,
    "occupancy_std": 0.040841213153736254
  },
  "calibration": {
    "mean_error": 0.16637983502368545,
    "std_error": 0.04901958330055594,
    "min_error": 0.0703883495145631,
    "max_error": 0.2585616438356164,
    "well_calibrated_count": 0,
    "total_tests": 10
  }
}