{
  "metadata": {
    "total_tests": 10,
    "computation_time": "2026-04-14 11:08:10",
    "model": "tube_mpc"
  },
  "empirical_risk": {
    "mean": 0.14747825425692956,
    "std": 0.053973359881239406,
    "min": 0.03942181340341656,
    "max": 0.26621160409556316,
    "aggregated_risk": 0.12048545108934054,
    "total_violations": 824,
    "total_steps": 6839
  },
  "feasibility": {
    "mean": 1.0,
    "std": 0.0,
    "min": 1.0,
    "max": 1.0,
    "aggregated_rate": 1.0,
    "total_feasible": 682,
    "total_solves": 682
  },
  "computation": {
    "median_of_medians": 19.0,
    "mean_median": 19.125,
    "std_median": 0.9168560410446115,
    "min_median": 18.000000000000004,
    "max_median": 21.0,
    "mean_of_means": 19.073715342434575,
    "total_failures": 0
  },
  "tracking": {
    "mean_error_mean": 0.40573030337039634,
    "mean_error_std": 0.12657466333346432,
    "max_error_mean": 3.428917587215939,
    "occupancy_mean": 0.8525217457430705,
    "occupancy_std": 0.053973359881239386
  },
  "calibration": {
    "mean_error": 0.14247825425692956,
    "std_error": 0.05838258779289664,
    "min_error": 0.03942181340341656,
    "max_error": 0.26621160409556316,
    "well_calibrated_count": 0,
    "total_tests": 10
  }
}