{
  "metadata": {
    "total_tests": 10,
    "computation_time": "2026-04-14 14:42:17",
    "model": "stl"
  },
  "satisfaction_probability": {
    "mean": 1.0,
    "std": 0.0,
    "min": 1.0,
    "max": 1.0,
    "median": 1.0
  },
  "empirical_risk": {
    "mean": 0.12726859400490537,
    "std": 0.04190716612794243,
    "min": 0.0421792618629174,
    "max": 0.16865079365079366,
    "aggregated_risk": 0.09554215442828426,
    "total_violations": 808,
    "total_steps": 8457
  },
  "feasibility": {
    "mean": 1.0,
    "std": 0.0,
    "min": 1.0,
    "max": 1.0,
    "aggregated_rate": 1.0,
    "total_feasible": 842,
    "total_solves": 842
  },
  "computation": {
    "median_of_medians": 20.0,
    "mean_median": 19.95,
    "std_median": 1.0111874208078335,
    "min_median": 18.000000000000004,
    "max_median": 21.5,
    "mean_of_means": 19.90132192751034,
    "total_failures": 0
  },
  "tracking": {
    "mean_error_mean": 0.4001434177876993,
    "mean_error_std": 0.086781273309207,
    "max_error_mean": 4.673746364351306,
    "occupancy_mean": 0.8727314059950946,
    "occupancy_std": 0.04190716612794243
  },
  "calibration": {
    "mean_error": 0.12226859400490538,
    "std_error": 0.04591585178304823,
    "min_error": 0.0421792618629174,
    "max_error": 0.16865079365079366,
    "well_calibrated_count": 0,
    "total_tests": 10
  }
}