{
  "metadata": {
    "total_tests": 10,
    "computation_time": "2026-04-13 15:43:39",
    "model": "safe_regret"
  },
  "satisfaction_probability": {
    "mean": 1.0,
    "std": 0.0,
    "min": 1.0,
    "max": 1.0,
    "median": 1.0
  },
  "empirical_risk": {
    "mean": 0.23134387833190423,
    "std": 0.21582276724792718,
    "min": 0.1095890410958904,
    "max": 0.870452528837622,
    "aggregated_risk": 0.3982799525504152,
    "total_violations": 2686,
    "total_steps": 6744
  },
  "regret": {
    "mean": 139.43184683539081,
    "std": 25.566596735238573,
    "min": 91.53352062985827,
    "max": 171.14890165790902,
    "median": 138.54011358267815
  },
  "feasibility": {
    "mean": 1.0,
    "std": 0.0,
    "min": 1.0,
    "max": 1.0,
    "aggregated_rate": 1.0,
    "total_feasible": 671,
    "total_solves": 671
  },
  "computation": {
    "median_of_medians": 19.5,
    "mean_median": 20.4,
    "std_median": 1.8000000000000007,
    "min_median": 19.0,
    "max_median": 24.0,
    "mean_of_means": 20.241336407141556,
    "total_failures": 0
  },
  "tracking": {
    "mean_error_mean": 0.3890708885971369,
    "mean_error_std": 0.10005045726069721,
    "max_error_mean": 3.2966409867926587,
    "occupancy_mean": 0.7686561216680958,
    "occupancy_std": 0.21582276724792718
  },
  "calibration": {
    "mean_error": 0.22634387833190414,
    "std_error": 0.21884836000070507,
    "min_error": 0.07233009708737864,
    "max_error": 0.870452528837622,
    "well_calibrated_count": 0,
    "total_tests": 10
  }
}