{
  "metadata": {
    "total_tests": 10,
    "computation_time": "2026-04-13 16:24:14",
    "model": "stl"
  },
  "satisfaction_probability": {
    "mean": 1.0,
    "std": 0.0,
    "min": 1.0,
    "max": 1.0,
    "median": 1.0
  },
  "empirical_risk": {
    "mean": 0.16380565861308952,
    "std": 0.03793891965628671,
    "min": 0.1100196463654224,
    "max": 0.23170731707317074,
    "aggregated_risk": 0.16332320162107397,
    "total_violations": 806,
    "total_steps": 4935
  },
  "feasibility": {
    "mean": 1.0,
    "std": 0.0,
    "min": 1.0,
    "max": 1.0,
    "aggregated_rate": 1.0,
    "total_feasible": 491,
    "total_solves": 491
  },
  "computation": {
    "median_of_medians": 20.0,
    "mean_median": 20.1,
    "std_median": 1.5779733838059502,
    "min_median": 18.000000000000004,
    "max_median": 23.000000000000004,
    "mean_of_means": 20.125213411251025,
    "total_failures": 0
  },
  "tracking": {
    "mean_error_mean": 0.4198778771580741,
    "mean_error_std": 0.041882666518318346,
    "max_error_mean": 3.400766948704065,
    "occupancy_mean": 0.8361943413869104,
    "occupancy_std": 0.0379389196562867
  },
  "calibration": {
    "mean_error": 0.15880565861308954,
    "std_error": 0.046927835526080354,
    "min_error": 0.0600196463654224,
    "max_error": 0.23170731707317074,
    "well_calibrated_count": 0,
    "total_tests": 10
  }
}