{
  "metadata": {
    "total_tests": 10,
    "computation_time": "2026-04-13 16:47:25",
    "model": "dr"
  },
  "empirical_risk": {
    "mean": 0.12484888689020857,
    "std": 0.0653755168251551,
    "min": 0.016695957820738138,
    "max": 0.2073170731707317,
    "aggregated_risk": 0.07735239400763733,
    "total_violations": 790,
    "total_steps": 10213
  },
  "feasibility": {
    "mean": 1.0,
    "std": 0.0,
    "min": 1.0,
    "max": 1.0,
    "aggregated_rate": 1.0,
    "total_feasible": 1018,
    "total_solves": 1018
  },
  "computation": {
    "median_of_medians": 19.0,
    "mean_median": 19.2,
    "std_median": 0.7483314773547872,
    "min_median": 18.000000000000004,
    "max_median": 20.0,
    "mean_of_means": 19.262408147524294,
    "total_failures": 0
  },
  "tracking": {
    "mean_error_mean": 0.3854329668873811,
    "mean_error_std": 0.12570287817424586,
    "max_error_mean": 3.42043427177891,
    "occupancy_mean": 0.8751511131097913,
    "occupancy_std": 0.06537551682515509
  },
  "calibration": {
    "mean_error": 0.11984888689020859,
    "std_error": 0.0680264966022917,
    "min_error": 0.016695957820738138,
    "max_error": 0.2073170731707317,
    "well_calibrated_count": 0,
    "total_tests": 10
  }
}